978-0-387-93836-3,https://link.springer.com/openurl?genre=book&isbn=978-0-387-93837-0
978-0-306-44790-7,https://link.springer.com/openurl?genre=book&isbn=978-1-4757-0576-8
978-0-306-45247-5,https://link.springer.com/openurl?genre=book&isbn=978-1-4757-2519-3
978-0-306-45978-8,https://link.springer.com/openurl?genre=book&isbn=978-0-387-36218-2
978-0-306-46554-3,https://link.springer.com/openurl?genre=book&isbn=978-0-387-36274-8
978-0-306-47498-9,https://link.springer.com/openurl?genre=book&isbn=978-0-306-48247-2
978-0-306-48330-1,https://link.springer.com/openurl?genre=book&isbn=978-0-387-28117-9
978-0-387-22591-3,https://link.springer.com/openurl?genre=book&isbn=978-0-387-22592-0
978-0-387-24157-9,https://link.springer.com/openurl?genre=book&isbn=978-0-387-24158-6
978-0-387-25921-5,https://link.springer.com/openurl?genre=book&isbn=978-0-387-45524-2
978-0-387-30303-1,https://link.springer.com/openurl?genre=book&isbn=978-0-387-40065-5
978-0-387-31278-1,https://link.springer.com/openurl?genre=book&isbn=978-0-387-46312-4
978-0-387-32331-2,https://link.springer.com/openurl?genre=book&isbn=978-0-387-32353-4
978-0-387-35664-8,https://link.springer.com/openurl?genre=book&isbn=978-0-387-68566-3
978-0-387-36600-5,https://link.springer.com/openurl?genre=book&isbn=978-0-387-36601-2
978-0-387-37574-8,https://link.springer.com/openurl?genre=book&isbn=978-0-387-37575-5
978-0-387-40272-7,https://link.springer.com/openurl?genre=book&isbn=978-0-387-21736-9
978-0-387-44897-8,https://link.springer.com/openurl?genre=book&isbn=978-0-387-44899-2
978-0-387-46270-7,https://link.springer.com/openurl?genre=book&isbn=978-0-387-46271-4
978-0-387-49311-4,https://link.springer.com/openurl?genre=book&isbn=978-0-387-49312-1
978-0-387-68350-8,https://link.springer.com/openurl?genre=book&isbn=978-0-387-71481-3
978-0-387-72068-5,https://link.springer.com/openurl?genre=book&isbn=978-0-387-72071-5
978-0-387-72578-9,https://link.springer.com/openurl?genre=book&isbn=978-0-387-72579-6
978-0-387-74364-6,https://link.springer.com/openurl?genre=book&isbn=978-0-387-74365-3
978-0-387-75958-6,https://link.springer.com/openurl?genre=book&isbn=978-0-387-75959-3
978-0-387-76500-6,https://link.springer.com/openurl?genre=book&isbn=978-0-387-76501-3
978-0-387-77649-1,https://link.springer.com/openurl?genre=book&isbn=978-0-387-77650-7
978-0-387-78340-6,https://link.springer.com/openurl?genre=book&isbn=978-0-387-78341-3
978-0-387-79053-4,https://link.springer.com/openurl?genre=book&isbn=978-0-387-79054-1
978-0-387-84857-0,https://link.springer.com/openurl?genre=book&isbn=978-0-387-84858-7
978-0-387-87572-9,https://link.springer.com/openurl?genre=book&isbn=978-0-387-87573-6
978-0-387-88697-8,https://link.springer.com/openurl?genre=book&isbn=978-0-387-88698-5
978-0-387-88962-7,https://link.springer.com/openurl?genre=book&isbn=978-0-387-88963-4
978-0-387-89642-7,https://link.springer.com/openurl?genre=book&isbn=978-1-4419-0641-0
978-0-387-94907-9,https://link.springer.com/openurl?genre=book&isbn=978-1-4612-1844-9
978-0-387-95031-0,https://link.springer.com/openurl?genre=book&isbn=978-1-4613-0139-4
978-0-387-95385-4,https://link.springer.com/openurl?genre=book&isbn=978-1-4613-0041-0
978-0-387-95584-1,https://link.springer.com/openurl?genre=book&isbn=978-0-387-21777-2
978-0-387-97495-8,https://link.springer.com/openurl?genre=book&isbn=978-1-4612-0979-9
978-0-387-97894-9,https://link.springer.com/openurl?genre=book&isbn=978-1-4612-4360-1
978-0-387-97974-8,https://link.springer.com/openurl?genre=book&isbn=978-1-4612-4374-8
978-0-387-98919-8,https://link.springer.com/openurl?genre=book&isbn=978-1-4612-1272-0
978-0-7923-7270-7,https://link.springer.com/openurl?genre=book&isbn=978-0-306-48048-5
978-1-349-95347-9,https://link.springer.com/openurl?genre=book&isbn=978-1-349-95348-6
978-1-4020-5718-2,https://link.springer.com/openurl?genre=book&isbn=978-1-4020-5719-9
978-1-4020-6098-4,https://link.springer.com/openurl?genre=book&isbn=978-1-4020-6099-1
978-1-4020-6807-2,https://link.springer.com/openurl?genre=book&isbn=978-1-4020-6808-9
978-1-4020-7164-5,https://link.springer.com/openurl?genre=book&isbn=978-1-4615-1077-2
978-1-4419-0924-4,https://link.springer.com/openurl?genre=book&isbn=978-1-4419-0925-1
978-1-4419-1119-3,https://link.springer.com/openurl?genre=book&isbn=978-1-4419-1120-9
978-1-4419-5652-1,https://link.springer.com/openurl?genre=book&isbn=978-1-4419-5653-8
978-1-4419-6487-8,https://link.springer.com/openurl?genre=book&isbn=978-1-4419-6488-5
978-1-4419-6645-2,https://link.springer.com/openurl?genre=book&isbn=978-1-4419-6646-9
978-1-4419-7287-3,https://link.springer.com/openurl?genre=book&isbn=978-1-4419-7288-0
978-1-4419-9478-3,https://link.springer.com/openurl?genre=book&isbn=978-1-4419-9479-0
978-1-4419-9503-2,https://link.springer.com/openurl?genre=book&isbn=978-1-4419-9504-9
978-1-4419-9981-8,https://link.springer.com/openurl?genre=book&isbn=978-1-4419-9982-5
978-1-4471-4473-1,https://link.springer.com/openurl?genre=book&isbn=978-1-4471-4474-8
978-1-4471-5133-3,https://link.springer.com/openurl?genre=book&isbn=978-1-4471-5134-0
978-1-4471-5200-2,https://link.springer.com/openurl?genre=book&isbn=978-1-4471-5201-9
978-1-4471-5360-3,https://link.springer.com/openurl?genre=book&isbn=978-1-4471-5361-0
978-1-4471-5600-0,https://link.springer.com/openurl?genre=book&isbn=978-1-4471-5601-7
978-1-4471-6418-0,https://link.springer.com/openurl?genre=book&isbn=978-1-4471-6419-7
978-1-4471-6641-2,https://link.springer.com/openurl?genre=book&isbn=978-1-4471-6642-9
978-1-4471-6683-2,https://link.springer.com/openurl?genre=book&isbn=978-1-4471-6684-9
978-1-4471-7306-9,https://link.springer.com/openurl?genre=book&isbn=978-1-4471-7307-6
978-1-4614-0399-9,https://link.springer.com/openurl?genre=book&isbn=978-1-4614-0400-2
978-1-4614-2196-2,https://link.springer.com/openurl?genre=book&isbn=978-1-4614-2197-9
978-1-4614-2211-2,https://link.springer.com/openurl?genre=book&isbn=978-1-4614-2212-9
978-1-4614-3142-8,https://link.springer.com/openurl?genre=book&isbn=978-1-4614-3143-5
978-1-4614-3522-8,https://link.springer.com/openurl?genre=book&isbn=978-1-4614-3523-5
978-1-4614-3617-1,https://link.springer.com/openurl?genre=book&isbn=978-1-4614-3618-8
978-1-4614-3953-0,https://link.springer.com/openurl?genre=book&isbn=978-1-4614-3954-7
978-1-4614-3986-8,https://link.springer.com/openurl?genre=book&isbn=978-1-4614-3987-5
978-1-4614-4261-5,https://link.springer.com/openurl?genre=book&isbn=978-1-4614-4262-2
978-1-4614-4555-5,https://link.springer.com/openurl?genre=book&isbn=978-1-4614-4556-2
978-1-4614-4808-2,https://link.springer.com/openurl?genre=book&isbn=978-1-4614-4809-9
978-1-4614-5537-0,https://link.springer.com/openurl?genre=book&isbn=978-1-4614-5538-7
978-1-4614-6226-2,https://link.springer.com/openurl?genre=book&isbn=978-1-4614-6227-9
978-1-4614-6270-5,https://link.springer.com/openurl?genre=book&isbn=978-1-4614-6271-2
978-1-4614-6485-3,https://link.springer.com/openurl?genre=book&isbn=978-1-4614-6486-0
978-1-4614-6785-4,https://link.springer.com/openurl?genre=book&isbn=978-1-4614-6786-1
978-1-4614-6848-6,https://link.springer.com/openurl?genre=book&isbn=978-1-4614-6849-3
978-1-4614-6939-1,https://link.springer.com/openurl?genre=book&isbn=978-1-4614-6940-7
978-1-4614-7115-8,https://link.springer.com/openurl?genre=book&isbn=978-1-4614-7116-5
978-1-4614-7137-0,https://link.springer.com/openurl?genre=book&isbn=978-1-4614-7138-7
978-1-4614-7629-0,https://link.springer.com/openurl?genre=book&isbn=978-1-4614-7630-6
978-1-4614-7806-5,https://link.springer.com/openurl?genre=book&isbn=978-1-4614-7807-2
978-1-4614-7945-1,https://link.springer.com/openurl?genre=book&isbn=978-1-4614-7946-8
978-1-4614-8686-2,https://link.springer.com/openurl?genre=book&isbn=978-1-4614-8687-9
978-1-4614-8932-0,https://link.springer.com/openurl?genre=book&isbn=978-1-4614-8933-7
978-1-4614-9125-5,https://link.springer.com/openurl?genre=book&isbn=978-1-4614-9126-2
978-1-4614-9137-8,https://link.springer.com/openurl?genre=book&isbn=978-1-4614-9138-5
978-1-4614-9169-9,https://link.springer.com/openurl?genre=book&isbn=978-1-4614-9170-5
978-1-4614-9235-1,https://link.springer.com/openurl?genre=book&isbn=978-1-4614-9236-8
978-1-4899-7453-2,https://link.springer.com/openurl?genre=book&isbn=978-1-4899-7454-9
978-1-4899-7549-2,https://link.springer.com/openurl?genre=book&isbn=978-1-4899-7550-8
978-1-4939-0866-0,https://link.springer.com/openurl?genre=book&isbn=978-1-4939-0867-7
978-1-4939-1150-9,https://link.springer.com/openurl?genre=book&isbn=978-1-4939-1151-6
978-1-4939-1193-6,https://link.springer.com/openurl?genre=book&isbn=978-1-4939-1194-3
978-1-4939-1910-9,https://link.springer.com/openurl?genre=book&isbn=978-1-4939-1911-6
978-1-4939-2112-6,https://link.springer.com/openurl?genre=book&isbn=978-1-4939-2113-3
978-1-4939-2121-8,https://link.springer.com/openurl?genre=book&isbn=978-1-4939-2122-5
978-1-4939-2613-8,https://link.springer.com/openurl?genre=book&isbn=978-1-4939-2614-5
978-1-4939-2622-0,https://link.springer.com/openurl?genre=book&isbn=978-1-4939-2623-7
978-1-4939-2711-1,https://link.springer.com/openurl?genre=book&isbn=978-1-4939-2712-8
978-1-4939-2765-4,https://link.springer.com/openurl?genre=book&isbn=978-1-4939-2766-1
978-1-4939-3057-9,https://link.springer.com/openurl?genre=book&isbn=978-1-4939-3058-6
978-1-4939-6372-0,https://link.springer.com/openurl?genre=book&isbn=978-1-4939-6374-4
978-1-4939-6570-0,https://link.springer.com/openurl?genre=book&isbn=978-1-4939-6572-4
978-1-4939-6674-5,https://link.springer.com/openurl?genre=book&isbn=978-1-4939-6676-9
978-1-4939-9619-3,https://link.springer.com/openurl?genre=book&isbn=978-1-4939-9621-6
978-1-84628-641-4,https://link.springer.com/openurl?genre=book&isbn=978-1-84628-642-1
978-1-84800-069-8,https://link.springer.com/openurl?genre=book&isbn=978-1-84800-070-4
978-1-84800-321-7,https://link.springer.com/openurl?genre=book&isbn=978-1-84800-322-4
978-1-84882-934-3,https://link.springer.com/openurl?genre=book&isbn=978-1-84882-935-0
978-1-85233-896-1,https://link.springer.com/openurl?genre=book&isbn=978-1-84628-168-6
978-3-030-00463-7,https://link.springer.com/openurl?genre=book&isbn=978-3-030-00464-4
978-3-030-00466-8,https://link.springer.com/openurl?genre=book&isbn=978-3-030-00467-5
978-3-030-00580-1,https://link.springer.com/openurl?genre=book&isbn=978-3-030-00581-8
978-3-030-00709-6,https://link.springer.com/openurl?genre=book&isbn=978-3-030-00710-2
978-3-030-01278-6,https://link.springer.com/openurl?genre=book&isbn=978-3-030-01279-3
978-3-030-02404-8,https://link.springer.com/openurl?genre=book&isbn=978-3-030-02405-5
978-3-030-02603-5,https://link.springer.com/openurl?genre=book&isbn=978-3-030-02604-2
978-3-030-03253-1,https://link.springer.com/openurl?genre=book&isbn=978-3-030-03255-5
978-3-030-04515-9,https://link.springer.com/openurl?genre=book&isbn=978-3-030-04516-6
978-3-030-05608-7,https://link.springer.com/openurl?genre=book&isbn=978-3-030-05609-4
978-3-030-05899-9,https://link.springer.com/openurl?genre=book&isbn=978-3-030-05900-2
978-3-030-10551-8,https://link.springer.com/openurl?genre=book&isbn=978-3-030-10552-5
978-3-030-11116-8,https://link.springer.com/openurl?genre=book&isbn=978-3-030-11117-5
978-3-030-12488-5,https://link.springer.com/openurl?genre=book&isbn=978-3-030-12489-2
978-3-030-12726-8,https://link.springer.com/openurl?genre=book&isbn=978-3-030-12727-5
978-3-030-13004-6,https://link.springer.com/openurl?genre=book&isbn=978-3-030-13005-3
978-3-030-13019-0,https://link.springer.com/openurl?genre=book&isbn=978-3-030-13020-6
978-3-030-13604-8,https://link.springer.com/openurl?genre=book&isbn=978-3-030-13605-5
978-3-030-13787-8,https://link.springer.com/openurl?genre=book&isbn=978-3-030-13788-5
978-3-030-15223-9,https://link.springer.com/openurl?genre=book&isbn=978-3-030-15224-6
978-3-030-15670-1,https://link.springer.com/openurl?genre=book&isbn=978-3-030-15671-8
978-3-030-18433-9,https://link.springer.com/openurl?genre=book&isbn=978-3-030-18435-3
978-3-030-19181-8,https://link.springer.com/openurl?genre=book&isbn=978-3-030-19182-5
978-3-030-20289-7,https://link.springer.com/openurl?genre=book&isbn=978-3-030-20290-3
978-3-030-25942-6,https://link.springer.com/openurl?genre=book&isbn=978-3-030-25943-3
978-3-319-00400-6,https://link.springer.com/openurl?genre=book&isbn=978-3-319-00401-3
978-3-319-00893-6,https://link.springer.com/openurl?genre=book&isbn=978-3-319-00894-3
978-3-319-01194-3,https://link.springer.com/openurl?genre=book&isbn=978-3-319-01195-0
978-3-319-01768-6,https://link.springer.com/openurl?genre=book&isbn=978-3-319-01769-3
978-3-319-01850-8,https://link.springer.com/openurl?genre=book&isbn=978-3-319-01851-5
978-3-319-02098-3,https://link.springer.com/openurl?genre=book&isbn=978-3-319-02099-0
978-3-319-03622-9,https://link.springer.com/openurl?genre=book&isbn=978-3-319-03623-6
978-3-319-03761-5,https://link.springer.com/openurl?genre=book&isbn=978-3-319-03762-2
978-3-319-05289-2,https://link.springer.com/openurl?genre=book&isbn=978-3-319-05290-8
978-3-319-05698-2,https://link.springer.com/openurl?genre=book&isbn=978-3-319-05699-9
978-3-319-07805-2,https://link.springer.com/openurl?genre=book&isbn=978-3-319-07806-9
978-3-319-09170-9,https://link.springer.com/openurl?genre=book&isbn=978-3-319-09171-6
978-3-319-09350-5,https://link.springer.com/openurl?genre=book&isbn=978-3-319-09351-2
978-3-319-10090-6,https://link.springer.com/openurl?genre=book&isbn=978-3-319-10091-3
978-3-319-11079-0,https://link.springer.com/openurl?genre=book&isbn=978-3-319-11080-6
978-3-319-12492-6,https://link.springer.com/openurl?genre=book&isbn=978-3-319-12493-3
978-3-319-12681-4,https://link.springer.com/openurl?genre=book&isbn=978-3-319-12682-1
978-3-319-12741-5,https://link.springer.com/openurl?genre=book&isbn=978-3-319-12742-2
978-3-319-13071-2,https://link.springer.com/openurl?genre=book&isbn=978-3-319-13072-9
978-3-319-13809-1,https://link.springer.com/openurl?genre=book&isbn=978-3-319-15018-5
978-3-319-14141-1,https://link.springer.com/openurl?genre=book&isbn=978-3-319-14142-8
978-3-319-14239-5,https://link.springer.com/openurl?genre=book&isbn=978-3-319-14240-1
978-3-319-14453-5,https://link.springer.com/openurl?genre=book&isbn=978-3-319-14454-2
978-3-319-14776-5,https://link.springer.com/openurl?genre=book&isbn=978-3-319-14777-2
978-3-319-14940-0,https://link.springer.com/openurl?genre=book&isbn=978-3-319-14941-7
978-3-319-15194-6,https://link.springer.com/openurl?genre=book&isbn=978-3-319-15195-3
978-3-319-15665-1,https://link.springer.com/openurl?genre=book&isbn=978-3-319-15666-8
978-3-319-16873-9,https://link.springer.com/openurl?genre=book&isbn=978-3-319-16874-6
978-3-319-18397-8,https://link.springer.com/openurl?genre=book&isbn=978-3-319-18398-5
978-3-319-18538-5,https://link.springer.com/openurl?genre=book&isbn=978-3-319-18539-2
978-3-319-18841-6,https://link.springer.com/openurl?genre=book&isbn=978-3-319-18842-3
978-3-319-19424-0,https://link.springer.com/openurl?genre=book&isbn=978-3-319-19425-7
978-3-319-19463-9,https://link.springer.com/openurl?genre=book&isbn=978-3-319-19464-6
978-3-319-19586-5,https://link.springer.com/openurl?genre=book&isbn=978-3-319-19587-2
978-3-319-19595-7,https://link.springer.com/openurl?genre=book&isbn=978-3-319-19596-4
978-3-319-20450-5,https://link.springer.com/openurl?genre=book&isbn=978-3-319-20451-2
978-3-319-20599-1,https://link.springer.com/openurl?genre=book&isbn=978-3-319-20600-4
978-3-319-21172-5,https://link.springer.com/openurl?genre=book&isbn=978-3-319-21173-2
978-3-319-21238-8,https://link.springer.com/openurl?genre=book&isbn=978-3-319-21239-5
978-3-319-21935-6,https://link.springer.com/openurl?genre=book&isbn=978-3-319-21936-3
978-3-319-21989-9,https://link.springer.com/openurl?genre=book&isbn=978-3-319-21990-5
978-3-319-22308-7,https://link.springer.com/openurl?genre=book&isbn=978-3-319-22309-4
978-3-319-22950-8,https://link.springer.com/openurl?genre=book&isbn=978-3-319-22951-5
978-3-319-23011-5,https://link.springer.com/openurl?genre=book&isbn=978-3-319-23012-2
978-3-319-23041-2,https://link.springer.com/openurl?genre=book&isbn=978-3-319-23042-9
978-3-319-23427-4,https://link.springer.com/openurl?genre=book&isbn=978-3-319-23428-1
978-3-319-23879-1,https://link.springer.com/openurl?genre=book&isbn=978-3-319-23880-7
978-3-319-24278-1,https://link.springer.com/openurl?genre=book&isbn=978-3-319-24280-4
978-3-319-24329-0,https://link.springer.com/openurl?genre=book&isbn=978-3-319-24331-3
978-3-319-24344-3,https://link.springer.com/openurl?genre=book&isbn=978-3-319-24346-7
978-3-319-24549-2,https://link.springer.com/openurl?genre=book&isbn=978-3-319-24551-5
978-3-319-25674-0,https://link.springer.com/openurl?genre=book&isbn=978-3-319-25675-7
978-3-319-25968-0,https://link.springer.com/openurl?genre=book&isbn=978-3-319-25970-3
978-3-319-26549-0,https://link.springer.com/openurl?genre=book&isbn=978-3-319-26551-3
978-3-319-27103-3,https://link.springer.com/openurl?genre=book&isbn=978-3-319-27104-0
978-3-319-27263-4,https://link.springer.com/openurl?genre=book&isbn=978-3-319-27265-8
978-3-319-27875-9,https://link.springer.com/openurl?genre=book&isbn=978-3-319-27877-3
978-3-319-28885-7,https://link.springer.com/openurl?genre=book&isbn=978-3-319-28887-1
978-3-319-29657-9,https://link.springer.com/openurl?genre=book&isbn=978-3-319-29659-3
978-3-319-29714-9,https://link.springer.com/openurl?genre=book&isbn=978-3-319-29716-3
978-3-319-29789-7,https://link.springer.com/openurl?genre=book&isbn=978-3-319-29791-0
978-3-319-29852-8,https://link.springer.com/openurl?genre=book&isbn=978-3-319-29854-2
978-3-319-31034-3,https://link.springer.com/openurl?genre=book&isbn=978-3-319-31036-7
978-3-319-31088-6,https://link.springer.com/openurl?genre=book&isbn=978-3-319-31089-3
978-3-319-31648-2,https://link.springer.com/openurl?genre=book&isbn=978-3-319-31650-5
978-3-319-31789-2,https://link.springer.com/openurl?genre=book&isbn=978-3-319-31791-5
978-3-319-32861-4,https://link.springer.com/openurl?genre=book&isbn=978-3-319-32862-1
978-3-319-33403-5,https://link.springer.com/openurl?genre=book&isbn=978-3-319-33405-9
978-3-319-33914-6,https://link.springer.com/openurl?genre=book&isbn=978-3-319-33916-0
978-3-319-34194-1,https://link.springer.com/openurl?genre=book&isbn=978-3-319-34195-8
978-3-319-39437-4,https://link.springer.com/openurl?genre=book&isbn=978-3-319-39439-8
978-3-319-43339-4,https://link.springer.com/openurl?genre=book&isbn=978-3-319-43341-7
978-3-319-44047-7,https://link.springer.com/openurl?genre=book&isbn=978-3-319-44048-4
978-3-319-44125-2,https://link.springer.com/openurl?genre=book&isbn=978-3-319-44127-6
978-3-319-44560-1,https://link.springer.com/openurl?genre=book&isbn=978-3-319-44561-8
978-3-319-44737-7,https://link.springer.com/openurl?genre=book&isbn=978-3-319-44738-4
978-3-319-44792-6,https://link.springer.com/openurl?genre=book&isbn=978-3-319-44794-0
978-3-319-45774-1,https://link.springer.com/openurl?genre=book&isbn=978-3-319-45776-5
978-3-319-46160-1,https://link.springer.com/openurl?genre=book&isbn=978-3-319-46162-5
978-3-319-46393-3,https://link.springer.com/openurl?genre=book&isbn=978-3-319-46394-0
978-3-319-46405-3,https://link.springer.com/openurl?genre=book&isbn=978-3-319-46407-7
978-3-319-47830-2,https://link.springer.com/openurl?genre=book&isbn=978-3-319-47831-9
978-3-319-48846-2,https://link.springer.com/openurl?genre=book&isbn=978-3-319-48848-6
978-3-319-48934-6,https://link.springer.com/openurl?genre=book&isbn=978-3-319-48936-0
978-3-319-49808-9,https://link.springer.com/openurl?genre=book&isbn=978-3-319-49810-2
978-3-319-49848-5,https://link.springer.com/openurl?genre=book&isbn=978-3-319-49849-2
978-3-319-49874-4,https://link.springer.com/openurl?genre=book&isbn=978-3-319-49875-1
978-3-319-50016-4,https://link.springer.com/openurl?genre=book&isbn=978-3-319-50017-1
978-3-319-50090-4,https://link.springer.com/openurl?genre=book&isbn=978-3-319-50091-1
978-3-319-50318-9,https://link.springer.com/openurl?genre=book&isbn=978-3-319-50319-6
978-3-319-50650-0,https://link.springer.com/openurl?genre=book&isbn=978-3-319-50651-7
978-3-319-51117-7,https://link.springer.com/openurl?genre=book&isbn=978-3-319-51118-4
978-3-319-51411-6,https://link.springer.com/openurl?genre=book&isbn=978-3-319-51412-3
978-3-319-52248-7,https://link.springer.com/openurl?genre=book&isbn=978-3-319-52250-0
978-3-319-53882-2,https://link.springer.com/openurl?genre=book&isbn=978-3-319-53883-9
978-3-319-53918-8,https://link.springer.com/openurl?genre=book&isbn=978-3-319-53919-5
978-3-319-54062-7,https://link.springer.com/openurl?genre=book&isbn=978-3-319-54064-1
978-3-319-54348-2,https://link.springer.com/openurl?genre=book&isbn=978-3-319-54349-9
978-3-319-54397-0,https://link.springer.com/openurl?genre=book&isbn=978-3-319-54398-7
978-3-319-54412-0,https://link.springer.com/openurl?genre=book&isbn=978-3-319-54413-7
978-3-319-55443-3,https://link.springer.com/openurl?genre=book&isbn=978-3-319-55444-0
978-3-319-55605-5,https://link.springer.com/openurl?genre=book&isbn=978-3-319-55606-2
978-3-319-55614-7,https://link.springer.com/openurl?genre=book&isbn=978-3-319-55615-4
978-3-319-56193-6,https://link.springer.com/openurl?genre=book&isbn=978-3-319-56194-3
978-3-319-56474-6,https://link.springer.com/openurl?genre=book&isbn=978-3-319-56475-3
978-3-319-57038-9,https://link.springer.com/openurl?genre=book&isbn=978-3-319-57040-2
978-3-319-57251-2,https://link.springer.com/openurl?genre=book&isbn=978-3-319-57252-9
978-3-319-57588-9,https://link.springer.com/openurl?genre=book&isbn=978-3-319-57589-6
978-3-319-57749-4,https://link.springer.com/openurl?genre=book&isbn=978-3-319-57750-0
978-3-319-57881-1,https://link.springer.com/openurl?genre=book&isbn=978-3-319-57883-5
978-3-319-58306-8,https://link.springer.com/openurl?genre=book&isbn=978-3-319-58307-5
978-3-319-58486-7,https://link.springer.com/openurl?genre=book&isbn=978-3-319-58487-4
978-3-319-58714-1,https://link.springer.com/openurl?genre=book&isbn=978-3-319-58715-8
978-3-319-59730-0,https://link.springer.com/openurl?genre=book&isbn=978-3-319-59731-7
978-3-319-59977-9,https://link.springer.com/openurl?genre=book&isbn=978-3-319-59978-6
978-3-319-61087-0,https://link.springer.com/openurl?genre=book&isbn=978-3-319-61088-7
978-3-319-61157-0,https://link.springer.com/openurl?genre=book&isbn=978-3-319-61158-7
978-3-319-61184-6,https://link.springer.com/openurl?genre=book&isbn=978-3-319-61185-3
978-3-319-62871-4,https://link.springer.com/openurl?genre=book&isbn=978-3-319-62872-1
978-3-319-63132-5,https://link.springer.com/openurl?genre=book&isbn=978-3-319-63133-2
978-3-319-63587-3,https://link.springer.com/openurl?genre=book&isbn=978-3-319-63588-0
978-3-319-63912-3,https://link.springer.com/openurl?genre=book&isbn=978-3-319-63913-0
978-3-319-64409-7,https://link.springer.com/openurl?genre=book&isbn=978-3-319-64410-3
978-3-319-64785-2,https://link.springer.com/openurl?genre=book&isbn=978-3-319-64786-9
978-3-319-65093-7,https://link.springer.com/openurl?genre=book&isbn=978-3-319-65094-4
978-3-319-65438-6,https://link.springer.com/openurl?genre=book&isbn=978-3-319-65439-3
978-3-319-65450-8,https://link.springer.com/openurl?genre=book&isbn=978-3-319-65451-5
978-3-319-65680-9,https://link.springer.com/openurl?genre=book&isbn=978-3-319-65682-3
978-3-319-65866-7,https://link.springer.com/openurl?genre=book&isbn=978-3-319-65867-4
978-3-319-66217-6,https://link.springer.com/openurl?genre=book&isbn=978-3-319-66219-0
978-3-319-66630-3,https://link.springer.com/openurl?genre=book&isbn=978-3-319-66631-0
978-3-319-66771-3,https://link.springer.com/openurl?genre=book&isbn=978-3-319-66772-0
978-3-319-67394-3,https://link.springer.com/openurl?genre=book&isbn=978-3-319-67395-0
978-3-319-68299-0,https://link.springer.com/openurl?genre=book&isbn=978-3-319-68301-0
978-3-319-68587-8,https://link.springer.com/openurl?genre=book&isbn=978-3-319-68588-5
978-3-319-68596-0,https://link.springer.com/openurl?genre=book&isbn=978-3-319-68598-4
978-3-319-68833-6,https://link.springer.com/openurl?genre=book&isbn=978-3-319-68834-3
978-3-319-68836-7,https://link.springer.com/openurl?genre=book&isbn=978-3-319-68837-4
978-3-319-70789-1,https://link.springer.com/openurl?genre=book&isbn=978-3-319-70790-7
978-3-319-70919-2,https://link.springer.com/openurl?genre=book&isbn=978-3-319-70920-8
978-3-319-71287-1,https://link.springer.com/openurl?genre=book&isbn=978-3-319-71288-8
978-3-319-71344-1,https://link.springer.com/openurl?genre=book&isbn=978-3-319-72000-5
978-3-319-72313-6,https://link.springer.com/openurl?genre=book&isbn=978-3-319-72314-3
978-3-319-72346-4,https://link.springer.com/openurl?genre=book&isbn=978-3-319-72347-1
978-3-319-72546-8,https://link.springer.com/openurl?genre=book&isbn=978-3-319-72547-5
978-3-319-72681-6,https://link.springer.com/openurl?genre=book&isbn=978-3-319-72682-3
978-3-319-72910-7,https://link.springer.com/openurl?genre=book&isbn=978-3-319-72911-4
978-3-319-73003-5,https://link.springer.com/openurl?genre=book&isbn=978-3-319-73004-2
978-3-319-73122-3,https://link.springer.com/openurl?genre=book&isbn=978-3-319-73123-0
978-3-319-73131-5,https://link.springer.com/openurl?genre=book&isbn=978-3-319-73132-2
978-3-319-74372-1,https://link.springer.com/openurl?genre=book&isbn=978-3-319-74373-8
978-3-319-74744-6,https://link.springer.com/openurl?genre=book&isbn=978-3-319-74746-0
978-3-319-74964-8,https://link.springer.com/openurl?genre=book&isbn=978-3-319-74965-5
978-3-319-75501-4,https://link.springer.com/openurl?genre=book&isbn=978-3-319-75502-1
978-3-319-75707-0,https://link.springer.com/openurl?genre=book&isbn=978-3-319-75708-7
978-3-319-75770-4,https://link.springer.com/openurl?genre=book&isbn=978-3-319-75771-1
978-3-319-75803-9,https://link.springer.com/openurl?genre=book&isbn=978-3-319-75804-6
978-3-319-76441-2,https://link.springer.com/openurl?genre=book&isbn=978-3-319-76442-9
978-3-319-77208-0,https://link.springer.com/openurl?genre=book&isbn=978-3-319-77315-5
978-3-319-77424-4,https://link.springer.com/openurl?genre=book&isbn=978-3-319-77425-1
978-3-319-77433-6,https://link.springer.com/openurl?genre=book&isbn=978-3-319-77434-3
978-3-319-77648-4,https://link.springer.com/openurl?genre=book&isbn=978-3-319-77649-1
978-3-319-77808-2,https://link.springer.com/openurl?genre=book&isbn=978-3-319-77809-9
978-3-319-78180-8,https://link.springer.com/openurl?genre=book&isbn=978-3-319-78181-5
978-3-319-78360-4,https://link.springer.com/openurl?genre=book&isbn=978-3-319-78361-1
978-3-319-78728-2,https://link.springer.com/openurl?genre=book&isbn=978-3-319-78729-9
978-3-319-89290-0,https://link.springer.com/openurl?genre=book&isbn=978-3-319-89292-4
978-3-319-89490-4,https://link.springer.com/openurl?genre=book&isbn=978-3-319-89491-1
978-3-319-91040-6,https://link.springer.com/openurl?genre=book&isbn=978-3-319-91041-3
978-3-319-91154-0,https://link.springer.com/openurl?genre=book&isbn=978-3-319-91155-7
978-3-319-91574-6,https://link.springer.com/openurl?genre=book&isbn=978-3-319-91575-3
978-3-319-91721-4,https://link.springer.com/openurl?genre=book&isbn=978-3-319-91722-1
978-3-319-91889-1,https://link.springer.com/openurl?genre=book&isbn=978-3-319-91890-7
978-3-319-92206-5,https://link.springer.com/openurl?genre=book&isbn=978-3-319-92207-2
978-3-319-92332-1,https://link.springer.com/openurl?genre=book&isbn=978-3-319-92333-8
978-3-319-92428-1,https://link.springer.com/openurl?genre=book&isbn=978-3-319-92429-8
978-3-319-92803-6,https://link.springer.com/openurl?genre=book&isbn=978-3-319-92804-3
978-3-319-94312-1,https://link.springer.com/openurl?genre=book&isbn=978-3-319-94313-8
978-3-319-94462-3,https://link.springer.com/openurl?genre=book&isbn=978-3-319-94463-0
978-3-319-94742-6,https://link.springer.com/openurl?genre=book&isbn=978-3-319-94743-3
978-3-319-95380-9,https://link.springer.com/openurl?genre=book&isbn=978-3-319-95381-6
978-3-319-95761-6,https://link.springer.com/openurl?genre=book&isbn=978-3-319-95762-3
978-3-319-96336-5,https://link.springer.com/openurl?genre=book&isbn=978-3-319-96337-2
978-3-319-96621-2,https://link.springer.com/openurl?genre=book&isbn=978-3-319-96622-9
978-3-319-96712-7,https://link.springer.com/openurl?genre=book&isbn=978-3-319-96713-4
978-3-319-97297-8,https://link.springer.com/openurl?genre=book&isbn=978-3-319-97298-5
978-3-319-98832-0,https://link.springer.com/openurl?genre=book&isbn=978-3-319-98833-7
978-3-319-98874-0,https://link.springer.com/openurl?genre=book&isbn=978-3-319-98875-7
978-3-319-99117-7,https://link.springer.com/openurl?genre=book&isbn=978-3-319-99118-4
978-3-319-99419-2,https://link.springer.com/openurl?genre=book&isbn=978-3-319-99420-8
978-3-319-99515-1,https://link.springer.com/openurl?genre=book&isbn=978-3-319-99516-8
978-3-540-32897-1,https://link.springer.com/openurl?genre=book&isbn=978-3-540-32899-5
978-3-540-40172-8,https://link.springer.com/openurl?genre=book&isbn=978-3-540-27752-1
978-3-540-69933-0,https://link.springer.com/openurl?genre=book&isbn=978-3-540-69934-7
978-3-540-76503-5,https://link.springer.com/openurl?genre=book&isbn=978-3-540-76504-2
978-3-540-77973-5,https://link.springer.com/openurl?genre=book&isbn=978-3-540-77974-2
978-3-540-93803-3,https://link.springer.com/openurl?genre=book&isbn=978-3-540-93804-0
978-3-642-04100-6,https://link.springer.com/openurl?genre=book&isbn=978-3-642-04101-3
978-3-642-19863-2,https://link.springer.com/openurl?genre=book&isbn=978-3-642-19864-9
978-3-642-20058-8,https://link.springer.com/openurl?genre=book&isbn=978-3-642-20059-5
978-3-642-20143-1,https://link.springer.com/openurl?genre=book&isbn=978-3-642-20144-8
978-3-642-20555-2,https://link.springer.com/openurl?genre=book&isbn=978-3-642-20556-9
978-3-642-20950-5,https://link.springer.com/openurl?genre=book&isbn=978-3-642-20951-2
978-3-642-23025-7,https://link.springer.com/openurl?genre=book&isbn=978-3-642-23026-4
978-3-642-28979-8,https://link.springer.com/openurl?genre=book&isbn=978-3-642-28980-4
978-3-642-30249-7,https://link.springer.com/openurl?genre=book&isbn=978-3-642-30250-3
978-3-642-30255-8,https://link.springer.com/openurl?genre=book&isbn=978-3-642-30304-3
978-3-642-30318-0,https://link.springer.com/openurl?genre=book&isbn=978-3-642-30319-7
978-3-642-33142-8,https://link.springer.com/openurl?genre=book&isbn=978-3-642-33143-5
978-3-642-34131-1,https://link.springer.com/openurl?genre=book&isbn=978-3-642-34132-8
978-3-642-35962-0,https://link.springer.com/openurl?genre=book&isbn=978-3-642-35963-7
978-3-642-37313-8,https://link.springer.com/openurl?genre=book&isbn=978-3-642-37314-5
978-3-642-37433-3,https://link.springer.com/openurl?genre=book&isbn=978-3-642-37434-0
978-3-642-37901-7,https://link.springer.com/openurl?genre=book&isbn=978-3-642-37902-4
978-3-642-40974-5,https://link.springer.com/openurl?genre=book&isbn=978-3-642-40975-2
978-3-642-54082-0,https://link.springer.com/openurl?genre=book&isbn=978-3-642-54083-7
978-3-642-55308-0,https://link.springer.com/openurl?genre=book&isbn=978-3-642-55309-7
978-3-658-07883-6,https://link.springer.com/openurl?genre=book&isbn=978-3-658-07884-3
978-3-658-10182-4,https://link.springer.com/openurl?genre=book&isbn=978-3-658-10183-1
978-3-662-43714-8,https://link.springer.com/openurl?genre=book&isbn=978-3-662-43715-5
978-3-662-44873-1,https://link.springer.com/openurl?genre=book&isbn=978-3-662-44874-8
978-3-662-45170-0,https://link.springer.com/openurl?genre=book&isbn=978-3-662-45171-7
978-3-662-46320-8,https://link.springer.com/openurl?genre=book&isbn=978-3-662-46321-5
978-3-662-46949-1,https://link.springer.com/openurl?genre=book&isbn=978-3-662-46950-7
978-3-662-49277-2,https://link.springer.com/openurl?genre=book&isbn=978-3-662-49279-6
978-3-662-49886-6,https://link.springer.com/openurl?genre=book&isbn=978-3-662-49887-3
978-3-662-53020-7,https://link.springer.com/openurl?genre=book&isbn=978-3-662-53022-1
978-3-662-53044-3,https://link.springer.com/openurl?genre=book&isbn=978-3-662-53045-0
978-3-662-53784-8,https://link.springer.com/openurl?genre=book&isbn=978-3-662-53785-5
978-3-662-54485-3,https://link.springer.com/openurl?genre=book&isbn=978-3-662-54486-0
978-3-662-54816-5,https://link.springer.com/openurl?genre=book&isbn=978-3-662-54817-2
978-3-662-55380-0,https://link.springer.com/openurl?genre=book&isbn=978-3-662-55381-7
978-3-662-56231-4,https://link.springer.com/openurl?genre=book&isbn=978-3-662-56233-8
978-3-662-56271-0,https://link.springer.com/openurl?genre=book&isbn=978-3-662-56272-7
978-3-662-56508-7,https://link.springer.com/openurl?genre=book&isbn=978-3-662-56509-4
978-3-662-56706-7,https://link.springer.com/openurl?genre=book&isbn=978-3-662-56707-4
978-3-662-57264-1,https://link.springer.com/openurl?genre=book&isbn=978-3-662-57265-8
978-3-7091-0714-0,https://link.springer.com/openurl?genre=book&isbn=978-3-7091-0715-7
978-3-8349-2535-0,https://link.springer.com/openurl?genre=book&isbn=978-3-8349-6331-4
978-4-431-54525-5,https://link.springer.com/openurl?genre=book&isbn=978-4-431-54526-2
978-90-481-2515-9,https://link.springer.com/openurl?genre=book&isbn=978-90-481-2516-6
978-94-007-1170-9,https://link.springer.com/openurl?genre=book&isbn=978-94-007-1171-6
978-94-007-1210-2,https://link.springer.com/openurl?genre=book&isbn=978-94-007-1211-9
978-94-007-5756-1,https://link.springer.com/openurl?genre=book&isbn=978-94-007-5757-8
978-94-007-6112-4,https://link.springer.com/openurl?genre=book&isbn=978-94-007-6113-1
978-94-007-6862-8,https://link.springer.com/openurl?genre=book&isbn=978-94-007-6863-5
978-94-017-7241-9,https://link.springer.com/openurl?genre=book&isbn=978-94-017-7242-6
978-94-017-8770-3,https://link.springer.com/openurl?genre=book&isbn=978-94-017-8771-0
978-94-024-1142-3,https://link.springer.com/openurl?genre=book&isbn=978-94-024-1144-7
978-981-10-1800-8,https://link.springer.com/openurl?genre=book&isbn=978-981-10-1802-2
978-981-10-2043-8,https://link.springer.com/openurl?genre=book&isbn=978-981-10-2045-2
978-981-10-5217-0,https://link.springer.com/openurl?genre=book&isbn=978-981-10-5218-7
978-981-10-8296-2,https://link.springer.com/openurl?genre=book&isbn=978-981-10-8297-9
978-981-10-8320-4,https://link.springer.com/openurl?genre=book&isbn=978-981-10-8321-1
978-981-13-0398-2,https://link.springer.com/openurl?genre=book&isbn=978-981-13-0399-9
978-981-13-0784-3,https://link.springer.com/openurl?genre=book&isbn=978-981-13-0785-0
978-981-13-1089-8,https://link.springer.com/openurl?genre=book&isbn=978-981-13-1090-4
978-981-13-2022-4,https://link.springer.com/openurl?genre=book&isbn=978-981-13-2023-1
978-981-13-2474-1,https://link.springer.com/openurl?genre=book&isbn=978-981-13-2475-8
978-981-13-3620-1,https://link.springer.com/openurl?genre=book&isbn=978-981-13-3621-8
978-981-13-6642-0,https://link.springer.com/openurl?genre=book&isbn=978-981-13-6643-7
978-981-13-7495-1,https://link.springer.com/openurl?genre=book&isbn=978-981-13-7496-8
978-981-13-8758-6,https://link.springer.com/openurl?genre=book&isbn=978-981-13-8759-3
978-981-287-211-1,https://link.springer.com/openurl?genre=book&isbn=978-981-287-212-8
978-981-4560-66-5,https://link.springer.com/openurl?genre=book&isbn=978-981-4560-67-2
